{
  "ISO": 0.007062270833730346,
  "BABIP": 0.002760302647959979
}