{
  "k_pct": {
    "<=20": 0.19126136944259844,
    "21": 0.18671957593367472,
    "22": 0.19131032718579463,
    "23+": 0.18161327551502862
  },
  "bb_pct": {
    "<=20": 0.1139648143612622,
    "21": 0.1160773903387031,
    "22": 0.11012686915394851,
    "23+": 0.11304531165933944
  },
  "iso": {
    "<=20": 0.18252996284626793,
    "21": 0.19332197756333508,
    "22": 0.16153781840403375,
    "23+": 0.1864227903411834
  },
  "babip": {
    "<=20": 0.33784211925146984,
    "21": 0.3377916353100775,
    "22": 0.3309165291397618,
    "23+": 0.3334581385555517
  },
  "overall_k_pct": 0.18930572536121104,
  "overall_bb_pct": 0.11208700795528513,
  "overall_iso": 0.17320060278539526,
  "overall_babip": 0.3334297435771773,
  "iso_variance": 0.007062270833730346,
  "babip_variance": 0.002760302647959979,
  "babip_gb": 0.24,
  "babip_ld": 0.68,
  "babip_fb": 0.12,
  "mean_conf_strength": 0.5111571045646862,
  "freshman_k_pct": 0.20226379310022852,
  "freshman_bb_pct": 0.11101353492301556,
  "freshman_iso": 0.1643642806703697,
  "freshman_babip": 0.3370195210293427
}