{
  "HR/FB%": 0.00109,
  "BABIP": 0.0022305315629655626
}