{
  "k_pct": {
    "<=20": 0.22323644759426084,
    "21": 0.20362974905315778,
    "22": 0.21726667228494975,
    "23+": 0.2139084245190823
  },
  "bb_pct": {
    "<=20": 0.09899072659160156,
    "21": 0.0955614438432607,
    "22": 0.09539665810374923,
    "23+": 0.09488875400956026
  },
  "hr_fb_pct": {
    "<=20": 0.10768454372971059,
    "21": 0.10333186149055362,
    "22": 0.10522293366292824,
    "23+": 0.10391509680498674
  },
  "babip": {
    "<=20": 0.3148188831890189,
    "21": 0.3180969191559397,
    "22": 0.3147599527884774,
    "23+": 0.3131450130209198
  },
  "overall_k_pct": 0.20958484903361038,
  "overall_bb_pct": 0.09593860771295713,
  "overall_hr_fb_pct": 0.10426745899915482,
  "overall_babip": 0.3165782028769338,
  "hr_fb_pct_variance": 0.00109,
  "babip_variance": 0.0022305315629655626,
  "babip_gb": 0.244,
  "babip_ld": 0.716,
  "babip_fb": 0.108,
  "mean_conf_strength": 0.5165125330008048,
  "fip_constant": 3.9846013203769006,
  "avg_fb_pct": 0.38,
  "avg_ip_per_bf": 0.2181662952244731,
  "avg_hbp_rate": 0.027797874463626384,
  "freshman_k_pct": 0.21532952231915994,
  "freshman_bb_pct": 0.10383404226234581,
  "freshman_hr_fb_pct": 0.14505807917156557,
  "freshman_babip": 0.31507069023344203
}